herolD,heroName,seriesMovieTitle,Address,
1,Cal Lightman,Lie to me,Seattle,
2,Emily Thorne,Revenge,Hamptons,
4,Olliver Queen,Arrow,Starling City,
5,Damon Salvatore,Vampire Diaries,Mystic Falls,
6,Tony Stark,Iron Man,Malibu,
18,Dr. Henry Morgan,Forever,Jersey,
19,Chandler Bing,Friends,New York,
20,Hermione Granger,Harry Potter,Privet Drive, 
22,Olivia Pope,Scandal,DC,
23,Ethan Hunt,Mission Impossible,London,
25,August,August Rush,Boston,
28,Jamie Sullivan,A Walk to Remember,North Carolina,
33,Selene,Underworld,Budapest,
